/home/devendra/data/171.31.4.26.MKV,RJ11CA1360,2024-07-07 12:00:00
/home/devendra/data/171.31.4.26.MKV,RJ11EA7360,2024-07-07 12:00:00.160000
/home/devendra/data/171.31.4.26.MKV,FF43IC1711,2024-07-07 12:00:18.080000
/home/devendra/data/171.31.4.26.MKV,GJ04IR1685,2024-07-07 12:00:19.520000
/home/devendra/data/171.31.4.26.MKV,ER31IC0734,2024-07-07 12:00:26
/home/devendra/data/171.31.4.26.MKV,RJ14CA7735,2024-07-07 12:00:26.520000
/home/devendra/data/171.31.4.26.MKV,RJ14CA2735,2024-07-07 12:00:26.720000
/home/devendra/data/171.31.4.26.MKV,RJ11CA2239,2024-07-07 12:00:26.880000
/home/devendra/data/171.31.4.26.MKV,RJ11CA7725,2024-07-07 12:00:27
/home/devendra/data/171.31.4.26.MKV,RJ11CA2738,2024-07-07 12:00:27.120000
/home/devendra/data/171.31.4.26.MKV,EE43II1711,2024-07-07 12:00:30.280000
/home/devendra/data/171.31.4.26.MKV,FA31AC4744,2024-07-07 12:00:34.960000
/home/devendra/data/171.31.4.26.MKV,ER31IC4701,2024-07-07 12:00:39.560000
/home/devendra/data/171.31.4.26.MKV,ER31IC4701,2024-07-07 12:00:39.600000
/home/devendra/data/171.31.4.26.MKV,ER31IC4701,2024-07-07 12:00:39.640000
/home/devendra/data/171.31.4.26.MKV,FR31LC1761,2024-07-07 12:00:40.960000
/home/devendra/data/171.31.4.26.MKV,FR31LC1761,2024-07-07 12:00:41
/home/devendra/data/171.31.4.26.MKV,FR31LC1761,2024-07-07 12:00:41.040000
/home/devendra/data/171.31.4.26.MKV,FR31LC1761,2024-07-07 12:00:41.080000
/home/devendra/data/171.31.4.26.MKV,FR31LC1761,2024-07-07 12:00:41.120000
/home/devendra/data/171.31.4.26.MKV,FR31LC1761,2024-07-07 12:00:41.240000
/home/devendra/data/171.31.4.26.MKV,FR31LC1761,2024-07-07 12:00:41.280000
/home/devendra/data/171.31.4.26.MKV,FR34IC4714,2024-07-07 12:00:44.240000
/home/devendra/data/171.31.4.26.MKV,FR31IO1751,2024-07-07 12:00:44.520000
/home/devendra/data/171.31.4.26.MKV,FR31IC4241,2024-07-07 12:01:03.640000
/home/devendra/data/171.31.4.26.MKV,ER31IC4711,2024-07-07 12:01:05.920000
/home/devendra/data/171.31.4.26.MKV,ER31IC4711,2024-07-07 12:01:05.960000
/home/devendra/data/171.31.4.26.MKV,ER31IC4711,2024-07-07 12:01:06
/home/devendra/data/171.31.4.26.MKV,ER31IC4711,2024-07-07 12:01:06.040000
/home/devendra/data/171.31.4.26.MKV,RJ21GO9868,2024-07-07 12:01:14.240000
/home/devendra/data/171.31.4.26.MKV,RJ21GD9868,2024-07-07 12:01:14.320000
/home/devendra/data/171.31.4.26.MKV,RJ27GO9868,2024-07-07 12:01:14.880000
/home/devendra/data/171.31.4.26.MKV,UP80FJ8102,2024-07-07 12:01:16.880000
/home/devendra/data/171.31.4.26.MKV,UP80FJ0102,2024-07-07 12:01:17.040000
/home/devendra/data/171.31.4.26.MKV,UP80FJ9102,2024-07-07 12:01:17.120000
/home/devendra/data/171.31.4.26.MKV,UP80FJ8102,2024-07-07 12:01:17.240000
/home/devendra/data/171.31.4.26.MKV,UP80FJ8102,2024-07-07 12:01:17.280000
/home/devendra/data/171.31.4.26.MKV,UP80FJ0702,2024-07-07 12:01:17.440000
/home/devendra/data/171.31.4.26.MKV,UP80FJ8102,2024-07-07 12:01:17.480000
/home/devendra/data/171.31.4.26.MKV,UP80FJ8702,2024-07-07 12:01:17.520000
/home/devendra/data/171.31.4.26.MKV,RJ10OB2765,2024-07-07 12:01:19.320000
/home/devendra/data/171.31.4.26.MKV,RJ11OA2765,2024-07-07 12:01:19.440000
/home/devendra/data/171.31.4.26.MKV,RJ16OA2765,2024-07-07 12:01:19.520000
/home/devendra/data/171.31.4.26.MKV,OJ11CA7260,2024-07-07 12:01:30.400000
/home/devendra/data/171.31.4.26.MKV,RJ11CA7960,2024-07-07 12:01:30.560000
/home/devendra/data/171.31.4.26.MKV,RJ11CI7260,2024-07-07 12:01:30.600000
/home/devendra/data/171.31.4.26.MKV,RJ11CA7360,2024-07-07 12:01:30.880000
/home/devendra/data/171.31.4.26.MKV,RJ11CA7360,2024-07-07 12:01:30.920000
/home/devendra/data/171.31.4.26.MKV,RJ11CA7360,2024-07-07 12:01:31
/home/devendra/data/171.31.4.26.MKV,RJ11CA7360,2024-07-07 12:01:31.120000
/home/devendra/data/171.31.4.26.MKV,RJ11CA7360,2024-07-07 12:01:31.560000
/home/devendra/data/171.31.4.26.MKV,RJ11CA7260,2024-07-07 12:01:31.640000
/home/devendra/data/171.31.4.26.MKV,RJ11CA7360,2024-07-07 12:01:31.760000
/home/devendra/data/171.31.4.26.MKV,RJ11CA7360,2024-07-07 12:01:32.160000
/home/devendra/data/171.31.4.26.MKV,RJ11CA7360,2024-07-07 12:01:32.200000
/home/devendra/data/171.31.4.26.MKV,RJ11CA1360,2024-07-07 12:01:32.280000
/home/devendra/data/171.31.4.26.MKV,RJ11CA7360,2024-07-07 12:01:32.600000
/home/devendra/data/171.31.4.26.MKV,RJ11CA7360,2024-07-07 12:01:32.720000
/home/devendra/data/171.31.4.26.MKV,RJ11CA7360,2024-07-07 12:01:32.800000
/home/devendra/data/171.31.4.26.MKV,RJ11CA7360,2024-07-07 12:01:32.840000
/home/devendra/data/171.31.4.26.MKV,RJ11CA7360,2024-07-07 12:01:33.080000
/home/devendra/data/171.31.4.26.MKV,RJ11CA7360,2024-07-07 12:01:33.200000
/home/devendra/data/171.31.4.26.MKV,RJ11CA7360,2024-07-07 12:01:33.280000
/home/devendra/data/171.31.4.26.MKV,RJ11CA7360,2024-07-07 12:01:33.440000
/home/devendra/data/171.31.4.26.MKV,RJ11CA7260,2024-07-07 12:01:33.680000
/home/devendra/data/171.31.4.26.MKV,RJ11CA7360,2024-07-07 12:01:33.720000
/home/devendra/data/171.31.4.26.MKV,RJ11CA7360,2024-07-07 12:01:33.760000
/home/devendra/data/171.31.4.26.MKV,RS77GB6827,2024-07-07 12:01:57.720000
/home/devendra/data/171.31.4.26.MKV,RJ11GO6827,2024-07-07 12:01:57.800000
/home/devendra/data/171.31.4.26.MKV,RJ71GD6927,2024-07-07 12:01:57.960000
/home/devendra/data/171.31.4.26.MKV,RJ71GO6827,2024-07-07 12:01:58
/home/devendra/data/171.31.4.26.MKV,NR31IC4342,2024-07-07 12:02:13.840000
/home/devendra/data/171.31.4.26.MKV,RJ11GA8114,2024-07-07 12:02:41.920000
/home/devendra/data/171.31.4.26.MKV,UP56UY0032,2024-07-07 12:02:42.200000
/home/devendra/data/171.31.4.26.MKV,UP80OY0037,2024-07-07 12:02:42.320000
/home/devendra/data/171.31.4.26.MKV,RJ11GR9928,2024-07-07 12:02:43.160000
/home/devendra/data/171.31.4.26.MKV,RJ11GA9948,2024-07-07 12:02:43.200000
/home/devendra/data/171.31.4.26.MKV,RJ11GA9948,2024-07-07 12:02:43.240000
/home/devendra/data/171.31.4.26.MKV,RJ11GA9949,2024-07-07 12:02:43.280000
/home/devendra/data/171.31.4.26.MKV,RJ11GA9948,2024-07-07 12:02:43.640000
/home/devendra/data/171.31.4.26.MKV,RJ11GA9940,2024-07-07 12:02:43.960000
/home/devendra/data/171.31.4.26.MKV,OL14CO7255,2024-07-07 12:03:15
/home/devendra/data/171.31.4.26.MKV,OL14CO7255,2024-07-07 12:03:15.120000
/home/devendra/data/171.31.4.26.MKV,DL14CO7255,2024-07-07 12:03:15.160000
/home/devendra/data/171.31.4.26.MKV,RJ05KA0765,2024-07-07 12:04:02
/home/devendra/data/171.31.4.26.MKV,RJ05LA0765,2024-07-07 12:04:02.280000
/home/devendra/data/171.31.4.26.MKV,RJ05CA8765,2024-07-07 12:04:02.320000
/home/devendra/data/171.31.4.26.MKV,RJ05CA8765,2024-07-07 12:04:02.440000
/home/devendra/data/171.31.4.26.MKV,RJ34PA1463,2024-07-07 12:04:15.640000
/home/devendra/data/171.31.4.26.MKV,FA11CA6446,2024-07-07 12:04:28
/home/devendra/data/171.31.4.26.MKV,RJ11CA6746,2024-07-07 12:04:28.120000
/home/devendra/data/171.31.4.26.MKV,RJ11CA6446,2024-07-07 12:04:28.160000
/home/devendra/data/171.31.4.26.MKV,RJ11CA6446,2024-07-07 12:04:28.280000
/home/devendra/data/171.31.4.26.MKV,RJ11CA6446,2024-07-07 12:04:28.320000
/home/devendra/data/171.31.4.26.MKV,RJ11CA6446,2024-07-07 12:04:28.360000
/home/devendra/data/171.31.4.26.MKV,RJ11CA6446,2024-07-07 12:04:28.440000
/home/devendra/data/171.31.4.26.MKV,BJ11CA6445,2024-07-07 12:04:28.480000
/home/devendra/data/171.31.4.26.MKV,RJ11CA6446,2024-07-07 12:04:28.520000
/home/devendra/data/171.31.4.26.MKV,CI11CA7217,2024-07-07 12:04:33.640000
/home/devendra/data/171.31.4.26.MKV,RJ11CA4638,2024-07-07 12:06:23.920000
/home/devendra/data/171.31.4.26.MKV,RJ11CA5864,2024-07-07 12:06:24.080000
/home/devendra/data/171.31.4.26.MKV,RJ11CA5864,2024-07-07 12:06:24.120000
/home/devendra/data/171.31.4.26.MKV,RJ11CA5864,2024-07-07 12:06:24.160000
/home/devendra/data/171.31.4.26.MKV,RJ71CA5854,2024-07-07 12:06:24.240000
/home/devendra/data/171.31.4.26.MKV,RJ11UA3825,2024-07-07 12:06:58.760000
/home/devendra/data/171.31.4.26.MKV,RJ11UA3875,2024-07-07 12:06:58.800000
/home/devendra/data/171.31.4.26.MKV,RW11UN3625,2024-07-07 12:06:59.120000
/home/devendra/data/171.31.4.26.MKV,MP06CE0636,2024-07-07 12:07:16
/home/devendra/data/171.31.4.26.MKV,MP06CB0696,2024-07-07 12:07:16.040000
/home/devendra/data/171.31.4.26.MKV,TP06CB0666,2024-07-07 12:07:16.120000
/home/devendra/data/171.31.4.26.MKV,KP06CB6639,2024-07-07 12:07:16.160000
/home/devendra/data/171.31.4.26.MKV,HP06CB0699,2024-07-07 12:07:16.520000
/home/devendra/data/171.31.4.26.MKV,AP06CO0899,2024-07-07 12:07:16.560000
/home/devendra/data/171.31.4.26.MKV,HP06CU0566,2024-07-07 12:07:16.720000
/home/devendra/data/171.31.4.26.MKV,HP06CB0699,2024-07-07 12:07:16.760000
/home/devendra/data/171.31.4.26.MKV,MP08CO0699,2024-07-07 12:07:16.880000
/home/devendra/data/171.31.4.26.MKV,RJ16TF8066,2024-07-07 12:07:26.880000
/home/devendra/data/171.31.4.26.MKV,RJ71UA5246,2024-07-07 12:07:40.240000
/home/devendra/data/171.31.4.26.MKV,RJ17UA5246,2024-07-07 12:07:40.320000
/home/devendra/data/171.31.4.26.MKV,RJ17UN5246,2024-07-07 12:07:40.400000
/home/devendra/data/171.31.4.26.MKV,RJ11UA5246,2024-07-07 12:07:40.440000
/home/devendra/data/171.31.4.26.MKV,RJ71UN5246,2024-07-07 12:07:40.520000
/home/devendra/data/171.31.4.26.MKV,RJ17UN5246,2024-07-07 12:07:40.640000
/home/devendra/data/171.31.4.26.MKV,RJ17OA5246,2024-07-07 12:07:40.680000
/home/devendra/data/171.31.4.26.MKV,RJ11GU1535,2024-07-07 12:08:10.280000
/home/devendra/data/171.31.4.26.MKV,MP07ZO6262,2024-07-07 12:08:39.560000
/home/devendra/data/171.31.4.26.MKV,MP07ZO5262,2024-07-07 12:08:39.600000
/home/devendra/data/171.31.4.26.MKV,RJ11UA4203,2024-07-07 12:08:43.520000
/home/devendra/data/171.31.4.26.MKV,RJ11OA4203,2024-07-07 12:08:43.600000
/home/devendra/data/171.31.4.26.MKV,RJ11OA4203,2024-07-07 12:08:43.680000
/home/devendra/data/171.31.4.26.MKV,RJ11OA4203,2024-07-07 12:08:43.760000
/home/devendra/data/171.31.4.26.MKV,RJ11UA4203,2024-07-07 12:08:43.960000
/home/devendra/data/171.31.4.26.MKV,UP80HT3893,2024-07-07 12:08:59.560000
/home/devendra/data/171.31.4.26.MKV,UP80HT9893,2024-07-07 12:09:00.320000
/home/devendra/data/171.31.4.26.MKV,RJ11CA0051,2024-07-07 12:09:03.280000
/home/devendra/data/171.31.4.26.MKV,RJ11CA0051,2024-07-07 12:09:03.960000
/home/devendra/data/171.31.4.26.MKV,RJ16CA2160,2024-07-07 12:09:06.120000
/home/devendra/data/171.31.4.26.MKV,PJ11CA7460,2024-07-07 12:09:06.520000
/home/devendra/data/171.31.4.26.MKV,PJ11CA7160,2024-07-07 12:09:06.640000
/home/devendra/data/171.31.4.26.MKV,PJ11CA7160,2024-07-07 12:09:06.760000
/home/devendra/data/171.31.4.26.MKV,RJ11CA7160,2024-07-07 12:09:06.840000
/home/devendra/data/171.31.4.26.MKV,UP80BH3323,2024-07-07 12:09:33.720000
/home/devendra/data/171.31.4.26.MKV,RJ07CH2537,2024-07-07 12:09:39.240000
/home/devendra/data/171.31.4.26.MKV,RJ02CH2537,2024-07-07 12:09:39.720000
/home/devendra/data/171.31.4.26.MKV,RJ02CH7537,2024-07-07 12:09:39.800000
/home/devendra/data/171.31.4.26.MKV,RJ02CH2537,2024-07-07 12:09:39.880000
/home/devendra/data/171.31.4.26.MKV,RJ02CH2827,2024-07-07 12:09:39.920000
/home/devendra/data/171.31.4.26.MKV,RJ11CA6798,2024-07-07 12:09:48.840000
/home/devendra/data/171.31.4.26.MKV,RJ17LA6798,2024-07-07 12:09:49.360000
/home/devendra/data/171.31.4.26.MKV,RJ11CA6793,2024-07-07 12:09:49.560000
/home/devendra/data/171.31.4.26.MKV,RJ17CA6792,2024-07-07 12:09:49.800000
/home/devendra/data/171.31.4.26.MKV,RJ11CA6793,2024-07-07 12:09:50.080000
/home/devendra/data/171.31.4.26.MKV,RJ11CA6793,2024-07-07 12:09:50.120000
/home/devendra/data/171.31.4.26.MKV,RJ11UA3210,2024-07-07 12:09:53.280000
/home/devendra/data/171.31.4.26.MKV,FJ11UA3210,2024-07-07 12:09:53.360000
/home/devendra/data/171.31.4.26.MKV,AJ11UA3210,2024-07-07 12:09:53.760000
/home/devendra/data/171.31.4.26.MKV,RJ11UA1210,2024-07-07 12:09:53.840000
/home/devendra/data/171.31.4.26.MKV,RJ11UA3216,2024-07-07 12:09:53.960000
/home/devendra/data/171.31.4.26.MKV,RJ11UA5218,2024-07-07 12:09:54.040000
/home/devendra/data/171.31.4.26.MKV,RJ17UN4474,2024-07-07 12:10:04.840000
/home/devendra/data/171.31.4.26.MKV,RJ11UA4474,2024-07-07 12:10:04.960000
/home/devendra/data/171.31.4.26.MKV,RJ71UA7474,2024-07-07 12:10:05.120000
/home/devendra/data/171.31.4.26.MKV,RJ11UA4474,2024-07-07 12:10:05.200000
/home/devendra/data/171.31.4.26.MKV,RJ17OA4474,2024-07-07 12:10:05.400000
/home/devendra/data/171.31.4.26.MKV,RJ11TA1131,2024-07-07 12:10:06.360000
/home/devendra/data/171.31.4.26.MKV,RJ11TA1131,2024-07-07 12:10:06.800000
/home/devendra/data/171.31.4.26.MKV,GJ11CA5345,2024-07-07 12:10:15.080000
/home/devendra/data/171.31.4.26.MKV,RJ11CA5845,2024-07-07 12:10:15.560000
/home/devendra/data/171.31.4.26.MKV,RJ11CA5845,2024-07-07 12:10:15.600000
/home/devendra/data/171.31.4.26.MKV,RJ11CA5845,2024-07-07 12:10:15.720000
/home/devendra/data/171.31.4.26.MKV,RJ11CA5845,2024-07-07 12:10:15.760000
/home/devendra/data/171.31.4.26.MKV,RJ11CA5845,2024-07-07 12:10:15.800000
/home/devendra/data/171.31.4.26.MKV,RJ11CA5845,2024-07-07 12:10:15.840000
/home/devendra/data/171.31.4.26.MKV,RJ17CA6866,2024-07-07 12:10:31.960000
/home/devendra/data/171.31.4.26.MKV,RJ11CA6866,2024-07-07 12:10:32.080000
/home/devendra/data/171.31.4.26.MKV,RJ17CA6866,2024-07-07 12:10:32.120000
/home/devendra/data/171.31.4.26.MKV,RJ17CA6866,2024-07-07 12:10:32.160000
/home/devendra/data/171.31.4.26.MKV,RI11CA1136,2024-07-07 12:10:33.040000
/home/devendra/data/171.31.4.26.MKV,RJ11CA7136,2024-07-07 12:10:33.200000
/home/devendra/data/171.31.4.26.MKV,RJ11CA8748,2024-07-07 12:11:01.760000
/home/devendra/data/171.31.4.26.MKV,RJ11CA8248,2024-07-07 12:11:01.800000
/home/devendra/data/171.31.4.26.MKV,RJ11CA8248,2024-07-07 12:11:01.880000
/home/devendra/data/171.31.4.26.MKV,RJ17TA8084,2024-07-07 12:12:49.960000
/home/devendra/data/171.31.4.26.MKV,RJ11CD8084,2024-07-07 12:12:50.080000
/home/devendra/data/171.31.4.26.MKV,RJ11CA0084,2024-07-07 12:12:50.200000
/home/devendra/data/171.31.4.26.MKV,RJ14CA8084,2024-07-07 12:12:50.240000
/home/devendra/data/171.31.4.26.MKV,RJ77CA8084,2024-07-07 12:12:50.280000
/home/devendra/data/171.31.4.26.MKV,RJ17CA8084,2024-07-07 12:12:50.360000
/home/devendra/data/171.31.4.26.MKV,RJ11CA8084,2024-07-07 12:12:50.440000
/home/devendra/data/171.31.4.26.MKV,RJ11CA8084,2024-07-07 12:12:50.480000
/home/devendra/data/171.31.4.26.MKV,RJ11CA8084,2024-07-07 12:12:50.520000
/home/devendra/data/171.31.4.26.MKV,OJ71PA3724,2024-07-07 12:13:58.800000
/home/devendra/data/171.31.4.26.MKV,KJ11PA3724,2024-07-07 12:13:59.400000
/home/devendra/data/171.31.4.26.MKV,KJ77PA3724,2024-07-07 12:13:59.560000
/home/devendra/data/171.31.4.26.MKV,HR26CI5653,2024-07-07 12:15:24.600000
/home/devendra/data/171.31.4.26.MKV,HR76CS6531,2024-07-07 12:15:24.720000
/home/devendra/data/171.31.4.26.MKV,KR25CY5653,2024-07-07 12:15:24.800000
/home/devendra/data/171.31.4.26.MKV,OJ11GO3652,2024-07-07 12:15:41.440000
/home/devendra/data/171.31.4.26.MKV,RJ17GO3652,2024-07-07 12:15:41.480000
/home/devendra/data/171.31.4.26.MKV,RJ11GU3652,2024-07-07 12:15:41.560000
/home/devendra/data/171.31.4.26.MKV,RJ11GO3652,2024-07-07 12:15:41.600000
/home/devendra/data/171.31.4.26.MKV,RJ11GU3652,2024-07-07 12:15:41.640000
/home/devendra/data/171.31.4.26.MKV,RJ11GO3652,2024-07-07 12:15:41.720000
/home/devendra/data/171.31.4.26.MKV,RJ11GD3652,2024-07-07 12:15:42.080000
/home/devendra/data/171.31.4.26.MKV,RJ11GD3652,2024-07-07 12:15:42.120000
/home/devendra/data/171.31.4.26.MKV,RJ11UA5283,2024-07-07 12:16:18.040000
/home/devendra/data/171.31.4.26.MKV,RJ11UA5283,2024-07-07 12:16:18.080000
/home/devendra/data/171.31.4.26.MKV,RJ11UA5283,2024-07-07 12:16:18.280000
/home/devendra/data/171.31.4.26.MKV,UP03CT5202,2024-07-07 12:16:34.480000
/home/devendra/data/171.31.4.26.MKV,UP83CT5203,2024-07-07 12:16:34.520000
/home/devendra/data/171.31.4.26.MKV,UP83CT5203,2024-07-07 12:16:34.720000
/home/devendra/data/171.31.4.26.MKV,VP83CI5203,2024-07-07 12:16:34.760000
/home/devendra/data/171.31.4.26.MKV,UP83CT5202,2024-07-07 12:16:34.920000
/home/devendra/data/171.31.4.26.MKV,UP83CT5202,2024-07-07 12:16:35.080000
/home/devendra/data/171.31.4.26.MKV,UP83CT5203,2024-07-07 12:16:35.120000
/home/devendra/data/171.31.4.26.MKV,KI57IP4481,2024-07-07 12:16:55.480000
/home/devendra/data/171.31.4.26.MKV,IP50BT8962,2024-07-07 12:16:56.160000
/home/devendra/data/171.31.4.26.MKV,UP50FT8982,2024-07-07 12:16:56.400000
/home/devendra/data/171.31.4.26.MKV,RJ11CA5102,2024-07-07 12:17:00.160000
/home/devendra/data/171.31.4.26.MKV,RJ11CA5107,2024-07-07 12:17:00.200000
/home/devendra/data/171.31.4.26.MKV,RJ11CA5102,2024-07-07 12:17:00.240000
/home/devendra/data/171.31.4.26.MKV,RJ11CA5102,2024-07-07 12:17:00.280000
/home/devendra/data/171.31.4.26.MKV,RJ11CA5102,2024-07-07 12:17:00.400000
/home/devendra/data/171.31.4.26.MKV,KJ11CA6642,2024-07-07 12:17:20.680000
/home/devendra/data/171.31.4.26.MKV,OJ11CA6642,2024-07-07 12:17:20.920000
/home/devendra/data/171.31.4.26.MKV,RJ11CA6642,2024-07-07 12:17:21
/home/devendra/data/171.31.4.26.MKV,OJ11CH6642,2024-07-07 12:17:21.080000
/home/devendra/data/171.31.4.26.MKV,RJ11CA6642,2024-07-07 12:17:21.160000
/home/devendra/data/171.31.4.26.MKV,RJ11GC4703,2024-07-07 12:17:41.120000
/home/devendra/data/171.31.4.26.MKV,RJ11GC8203,2024-07-07 12:17:41.200000
/home/devendra/data/171.31.4.26.MKV,RJ11GC0203,2024-07-07 12:17:41.280000
/home/devendra/data/171.31.4.26.MKV,RJ11GC8703,2024-07-07 12:17:41.440000
/home/devendra/data/171.31.4.26.MKV,RJ11GC0703,2024-07-07 12:17:41.480000
/home/devendra/data/171.31.4.26.MKV,RJ11GC8203,2024-07-07 12:17:41.760000
/home/devendra/data/171.31.4.26.MKV,UP15EI7647,2024-07-07 12:18:04.160000
/home/devendra/data/171.31.4.26.MKV,UP15EI7647,2024-07-07 12:18:04.200000
/home/devendra/data/171.31.4.26.MKV,RJ11UA4384,2024-07-07 12:18:40.480000
/home/devendra/data/171.31.4.26.MKV,RJ11OA4384,2024-07-07 12:18:40.560000
/home/devendra/data/171.31.4.26.MKV,RJ17UN4304,2024-07-07 12:18:40.600000
/home/devendra/data/171.31.4.26.MKV,RJ11OA4384,2024-07-07 12:18:40.640000
/home/devendra/data/171.31.4.26.MKV,RJ10AA3841,2024-07-07 12:18:40.840000
/home/devendra/data/171.31.4.26.MKV,RJ11CN7879,2024-07-07 12:18:57.920000
/home/devendra/data/171.31.4.26.MKV,RJ11CA7024,2024-07-07 12:18:58.040000
/home/devendra/data/171.31.4.26.MKV,JO71OA7020,2024-07-07 12:18:58.160000
/home/devendra/data/171.31.4.26.MKV,RJ17UA2881,2024-07-07 12:19:08.320000
/home/devendra/data/171.31.4.26.MKV,RJ11IO4288,2024-07-07 12:19:08.400000
/home/devendra/data/171.31.4.26.MKV,RJ11UA7577,2024-07-07 12:19:18.520000
/home/devendra/data/171.31.4.26.MKV,RJ11UA2522,2024-07-07 12:19:18.640000
/home/devendra/data/171.31.4.26.MKV,RJ11UA7547,2024-07-07 12:19:18.840000
/home/devendra/data/171.31.4.26.MKV,RJ11UN4547,2024-07-07 12:19:19.040000
/home/devendra/data/171.31.4.26.MKV,RJ11CA3297,2024-07-07 12:19:22.800000
/home/devendra/data/171.31.4.26.MKV,UN80GL3224,2024-07-07 12:21:06.640000
/home/devendra/data/171.31.4.26.MKV,UI80GL3224,2024-07-07 12:21:06.680000
/home/devendra/data/171.31.4.26.MKV,UI80GI3224,2024-07-07 12:21:06.840000
/home/devendra/data/171.31.4.26.MKV,VL80GL3224,2024-07-07 12:21:07
/home/devendra/data/171.31.4.26.MKV,UI80GL3224,2024-07-07 12:21:07.080000
/home/devendra/data/171.31.4.26.MKV,UI80GL3224,2024-07-07 12:21:07.120000
/home/devendra/data/171.31.4.26.MKV,OI80GL3224,2024-07-07 12:21:07.280000
/home/devendra/data/171.31.4.26.MKV,HF55AS7110,2024-07-07 12:21:45.240000
/home/devendra/data/171.31.4.26.MKV,HR55AS2710,2024-07-07 12:21:45.320000
/home/devendra/data/171.31.4.26.MKV,HR55AS7110,2024-07-07 12:21:45.640000
/home/devendra/data/171.31.4.26.MKV,RJ11UA3739,2024-07-07 12:22:14
/home/devendra/data/171.31.4.26.MKV,RJ11UA3239,2024-07-07 12:22:14.080000
/home/devendra/data/171.31.4.26.MKV,TP00RT9032,2024-07-07 12:22:14.240000
/home/devendra/data/171.31.4.26.MKV,RJ11UA3739,2024-07-07 12:22:14.280000
/home/devendra/data/171.31.4.26.MKV,MP00FT6134,2024-07-07 12:22:14.280000
/home/devendra/data/171.31.4.26.MKV,VP00FT9832,2024-07-07 12:22:14.520000
/home/devendra/data/171.31.4.26.MKV,UP00FI9632,2024-07-07 12:22:14.600000
/home/devendra/data/171.31.4.26.MKV,UP80FT9833,2024-07-07 12:22:14.880000
/home/devendra/data/171.31.4.26.MKV,RJ11PA3260,2024-07-07 12:23:08.800000
/home/devendra/data/171.31.4.26.MKV,AJ11UA3210,2024-07-07 12:23:45.360000
/home/devendra/data/171.31.4.26.MKV,RJ14UA3278,2024-07-07 12:23:45.680000
/home/devendra/data/171.31.4.26.MKV,RJ11UA3270,2024-07-07 12:23:45.720000
/home/devendra/data/171.31.4.26.MKV,LR11BA4469,2024-07-07 12:24:03.720000
/home/devendra/data/171.31.4.26.MKV,NH04BP7974,2024-07-07 12:24:22.720000
/home/devendra/data/171.31.4.26.MKV,NK04IG7972,2024-07-07 12:24:23.320000
/home/devendra/data/171.31.4.26.MKV,NH04PU7372,2024-07-07 12:24:23.560000
/home/devendra/data/171.31.4.26.MKV,NK04OG7972,2024-07-07 12:24:23.600000
/home/devendra/data/171.31.4.26.MKV,HH44PP7977,2024-07-07 12:24:23.680000
/home/devendra/data/171.31.4.26.MKV,MA44PP7977,2024-07-07 12:24:23.720000
/home/devendra/data/171.31.4.26.MKV,RJ11CA8162,2024-07-07 12:24:55.520000
/home/devendra/data/171.31.4.26.MKV,RJ11CA8164,2024-07-07 12:24:55.600000
/home/devendra/data/171.31.4.26.MKV,RJ11CA0162,2024-07-07 12:24:55.760000
/home/devendra/data/171.31.4.26.MKV,RJ18CC8747,2024-07-07 12:25:16.240000
/home/devendra/data/171.31.4.26.MKV,RJ14CC8742,2024-07-07 12:25:16.440000
/home/devendra/data/171.31.4.26.MKV,RJ18CC8742,2024-07-07 12:25:16.720000
/home/devendra/data/171.31.4.26.MKV,RJ18CC8742,2024-07-07 12:25:16.800000
/home/devendra/data/171.31.4.26.MKV,RJ18CC8742,2024-07-07 12:25:16.880000
/home/devendra/data/171.31.4.26.MKV,RJ18CC9742,2024-07-07 12:25:16.960000
/home/devendra/data/171.31.4.26.MKV,RJ18CC9742,2024-07-07 12:25:17
/home/devendra/data/171.31.4.26.MKV,ER31VA3280,2024-07-07 12:25:35.480000
/home/devendra/data/171.31.4.26.MKV,UP17CL2222,2024-07-07 12:26:04.200000
/home/devendra/data/171.31.4.26.MKV,UP80GT5168,2024-07-07 12:26:05.640000
/home/devendra/data/171.31.4.26.MKV,UP00GX5168,2024-07-07 12:26:05.840000
/home/devendra/data/171.31.4.26.MKV,UP00GX5168,2024-07-07 12:26:05.920000
/home/devendra/data/171.31.4.26.MKV,UP80GX5168,2024-07-07 12:26:06.080000
/home/devendra/data/171.31.4.26.MKV,UP80GX5168,2024-07-07 12:26:06.120000
/home/devendra/data/171.31.4.26.MKV,VR83LT3975,2024-07-07 12:26:13.680000
/home/devendra/data/171.31.4.26.MKV,UC47CT0375,2024-07-07 12:26:13.760000
/home/devendra/data/171.31.4.26.MKV,UP03CT0675,2024-07-07 12:26:13.840000
/home/devendra/data/171.31.4.26.MKV,UF43CT4975,2024-07-07 12:26:13.880000
/home/devendra/data/171.31.4.26.MKV,UP43CT0975,2024-07-07 12:26:14.040000
/home/devendra/data/171.31.4.26.MKV,UR03CI8975,2024-07-07 12:26:14.280000
/home/devendra/data/171.31.4.26.MKV,UC53CI0975,2024-07-07 12:26:14.360000
/home/devendra/data/171.31.4.26.MKV,RJ11UN4632,2024-07-07 12:26:28.720000
/home/devendra/data/171.31.4.26.MKV,RJ11UA4622,2024-07-07 12:26:28.760000
/home/devendra/data/171.31.4.26.MKV,RJ11TA1106,2024-07-07 12:27:14.640000
/home/devendra/data/171.31.4.26.MKV,RJ11TA1709,2024-07-07 12:27:14.720000
/home/devendra/data/171.31.4.26.MKV,FI11UA2694,2024-07-07 12:27:37.480000
/home/devendra/data/171.31.4.26.MKV,RJ11UA2694,2024-07-07 12:27:37.960000
/home/devendra/data/171.31.4.26.MKV,RJ11UA1112,2024-07-07 12:28:05.200000
/home/devendra/data/171.31.4.26.MKV,RJ11UA1412,2024-07-07 12:28:05.240000
/home/devendra/data/171.31.4.26.MKV,RJ11UA1112,2024-07-07 12:28:05.280000
/home/devendra/data/171.31.4.26.MKV,RJ11UN1112,2024-07-07 12:28:05.320000
/home/devendra/data/171.31.4.26.MKV,RJ11UA1412,2024-07-07 12:28:05.400000
/home/devendra/data/171.31.4.26.MKV,GJ06OS4227,2024-07-07 12:28:46.760000
/home/devendra/data/171.31.4.26.MKV,GJ06GE4227,2024-07-07 12:28:46.840000
/home/devendra/data/171.31.4.26.MKV,RJ06OB4727,2024-07-07 12:28:47.080000
/home/devendra/data/171.31.4.26.MKV,RJ06OB4227,2024-07-07 12:28:47.120000
/home/devendra/data/171.31.4.26.MKV,RJ06UB4227,2024-07-07 12:28:47.160000
/home/devendra/data/171.31.4.26.MKV,RJ06UB4227,2024-07-07 12:28:47.200000
/home/devendra/data/171.31.4.26.MKV,RJ06UB4227,2024-07-07 12:28:47.240000
/home/devendra/data/171.31.4.26.MKV,RJ06UB4227,2024-07-07 12:28:47.280000
/home/devendra/data/171.31.4.26.MKV,RJ11UB0024,2024-07-07 12:29:25.480000
/home/devendra/data/171.31.4.26.MKV,RJ11UB0074,2024-07-07 12:29:25.840000
/home/devendra/data/171.31.4.26.MKV,RJ11UB0074,2024-07-07 12:29:25.880000
/home/devendra/data/171.31.4.26.MKV,RJ11UB0024,2024-07-07 12:29:26.040000
/home/devendra/data/171.31.4.26.MKV,RJ17UA5062,2024-07-07 12:30:03
/home/devendra/data/171.31.4.26.MKV,RJ11UA5062,2024-07-07 12:30:03.040000
/home/devendra/data/171.31.4.26.MKV,BJ11CA7790,2024-07-07 12:30:11.640000
/home/devendra/data/171.31.4.26.MKV,RJ11CA7790,2024-07-07 12:30:12
/home/devendra/data/171.31.4.26.MKV,RJ11CA7790,2024-07-07 12:30:12.400000
